{"nom": {"nom-GB": 0.1492537313432836}, "prenom": {"prenom-GB": 0.45614035087719296}, "code_postal": {"code_postal-GB": 0.4235294117647058}, "periode": {"periode-GB": 0.3147208121827411}, "loyer": {"loyer-GB": 0.345679012345679}, "charges": {"charges-GB": 0.38983050847457623}}