{"nom": {"nom-GB": 0.4470588235294118}, "prenom": {"prenom-GB": 0.7772511848341233}, "code_postal": {"code_postal-GB": 0.6000000000000001}, "periode": {"periode-GB": 0.5436105476673427}, "loyer": {"loyer-GB": 0.5764705882352941}, "charges": {"charges-GB": 0.8070175438596491}}