{"nom": {"nom-GB": 0.15151515151515152}, "prenom": {"prenom-GB": 0.5045045045045045}, "code_postal": {"code_postal-GB": 0.3863636363636364}, "periode": {"periode-GB": 0.3225806451612903}, "loyer": {"loyer-GB": 0.2857142857142857}, "charges": {"charges-GB": 0.30357142857142855}}