{"nom": {"nom-GB": 0.14705882352941177}, "prenom": {"prenom-GB": 0.4642857142857143}, "code_postal": {"code_postal-GB": 0.4285714285714286}, "periode": {"periode-GB": 0.31999999999999995}, "loyer": {"loyer-GB": 0.32}, "charges": {"charges-GB": 0.3478260869565218}}