{"prenom": {"prenom-GB": 0.9936305732484078}, "nom": {"nom-GB": 0.9615384615384616}, "date_naissance": {"date_naissance-GB": 1.0}}