{"prenom": {"prenom-GB": 0.9873417721518987}, "nom": {"nom-GB": 0.9906542056074767}, "date_naissance": {"date_naissance-GB": 0.9836065573770492}}