{"prenom": {"prenom-GB": 0.9811320754716981}, "nom": {"nom-GB": 0.9811320754716981}, "date_naissance": {"date_naissance-GB": 0.9917355371900827}}