{"prenom": {"prenom-GB": 0.64}, "nom": {"nom-GB": 0.33333333333333337}, "date_naissance": {"date_naissance-GB": 0.8000000000000002}}