{"prenom": {"prenom-GB": 0.9873417721518987}, "nom": {"nom-GB": 0.9714285714285713}, "date_naissance": {"date_naissance-GB": 1.0}}